sample,type,setting
BB105_1,reference,references/BB105_1.gbk
BB106_1,reference,references/BB106_1.gbk
BB107_1,reference,references/BB107_1.gbk
BB108_1,reference,references/BB108_1.gbk
BB109_1,reference,references/BB109_1.gbk
BB110_1,reference,references/BB110_1.gbk
BB110_2,reference,references/BB110_2.gbk
BB110_3,reference,references/BB110_3.gbk
BB111_1,reference,references/BB111_1.gbk
BB111_2,reference,references/BB111_2.gbk
BB112_1,reference,references/BB112_1.gbk
BB113_1,reference,references/BB113_1.gbk
BB114_1,reference,references/BB114_1.gbk
BB119_1,reference,references/BB119_1.gbk
BB120_1,reference,references/BB120_1.gbk
BB121_1,reference,references/BB121_1.gbk
BB121_2,reference,references/BB121_2.gbk
BB127_1,reference,references/BB127_1.gbk
BB128_1,reference,references/BB128_1.gbk
BB129_1,reference,references/BB129_1.gbk
BB130_1,reference,references/BB130_1.gbk
BB131_1,reference,references/BB131_1.gbk
BB133_1,reference,references/BB133_1.gbk
BB134_1,reference,references/BB134_1.gbk
BB136_1,reference,references/BB136_1.gbk
BB136_2,reference,references/BB136_2.gbk
BB137_1,reference,references/BB137_1.gbk
BB137_2,reference,references/BB137_2.gbk
BB138_1,reference,references/BB138_1.gbk
BB139_N,reference,references/BB139_N.gbk
BB144_1,reference,references/BB144_1.gbk
BB144_2,reference,references/BB144_2.gbk
BB145_1,reference,references/BB145_1.gbk
BB145_2,reference,references/BB145_2.gbk
BB146_1,reference,references/BB146_1.gbk
BB146_2,reference,references/BB146_2.gbk
BB147_1,reference,references/BB147_1.gbk
BB147_2,reference,references/BB147_2.gbk
BB147_3,reference,references/BB147_3.gbk
BB148_1,reference,references/BB148_1.gbk
BB148_2,reference,references/BB148_2.gbk
BB149_1,reference,references/BB149_1.gbk
BB149_2,reference,references/BB149_2.gbk
BB150_1,reference,references/BB150_1.gbk
BB150_2,reference,references/BB150_2.gbk
BB151_1,reference,references/BB151_1.gbk
BB151_2,reference,references/BB151_2.gbk
BB152_1,reference,references/BB152_1.gbk
BB152_2,reference,references/BB152_2.gbk
BB153_1,reference,references/BB153_1.gbk
BB153_2,reference,references/BB153_2.gbk
BB154_1,reference,references/BB154_1.gbk
BB154_2,reference,references/BB154_2.gbk
BB155_1,reference,references/BB155_1.gbk
BB155_2,reference,references/BB155_2.gbk
BB156_N,reference,references/BB156_N.gbk
BB164_1,reference,references/BB164_1.gbk
BB165_1,reference,references/BB165_1.gbk
BB169_1,reference,references/BB169_1.gbk
BB171_1,reference,references/BB171_1.gbk
BB172_1,reference,references/BB172_1.gbk
BB173_1,reference,references/BB173_1.gbk
BB175_1,reference,references/BB175_1.gbk
BB176_1,reference,references/BB176_1.gbk
BB178_1,reference,references/BB178_1.gbk
BB179_1,reference,references/BB179_1.gbk
BB180_1,reference,references/BB180_1.gbk
BB181_1,reference,references/BB181_1.gbk
BB182_1,reference,references/BB182_1.gbk
BB182_N,reference,references/BB182_N.gbk
BB186_1,reference,references/BB186_1.gbk
BB186_N,reference,references/BB186_N.gbk
BB187_1,reference,references/BB187_1.gbk
BB188_1,reference,references/BB188_1.gbk
BB189_1,reference,references/BB189_1.gbk
BB190_1,reference,references/BB190_1.gbk
BB191_1,reference,references/BB191_1.gbk
BB192_1,reference,references/BB192_1.gbk
BB193_1,reference,references/BB193_1.gbk
BB19_1,reference,references/BB19_1.gbk
BB200_1,reference,references/BB200_1.gbk
BB200_2,reference,references/BB200_2.gbk
BB204_1,reference,references/BB204_1.gbk
BB205_1,reference,references/BB205_1.gbk
BB208_1,reference,references/BB208_1.gbk
BB209_1,reference,references/BB209_1.gbk
BB211_1,reference,references/BB211_1.gbk
BB213_1,reference,references/BB213_1.gbk
BB214_1,reference,references/BB214_1.gbk
BB215_1,reference,references/BB215_1.gbk
BB215_N,reference,references/BB215_N.gbk
BB218_1,reference,references/BB218_1.gbk
BB21_1,reference,references/BB21_1.gbk
BB220_1,reference,references/BB220_1.gbk
BB22_1,reference,references/BB22_1.gbk
BB238_1,reference,references/BB238_1.gbk
BB239_1,reference,references/BB239_1.gbk
BB23_1,reference,references/BB23_1.gbk
BB240_1,reference,references/BB240_1.gbk
BB24_1,reference,references/BB24_1.gbk
BB252_1,reference,references/BB252_1.gbk
BB253_1,reference,references/BB253_1.gbk
BB255_1,reference,references/BB255_1.gbk
BB258_1,reference,references/BB258_1.gbk
BB258_N,reference,references/BB258_N.gbk
BB259_1,reference,references/BB259_1.gbk
BB25_1,reference,references/BB25_1.gbk
BB260_1,reference,references/BB260_1.gbk
BB261_1,reference,references/BB261_1.gbk
BB262_1,reference,references/BB262_1.gbk
BB263_N,reference,references/BB263_N.gbk
BB264_1,reference,references/BB264_1.gbk
BB265_1,reference,references/BB265_1.gbk
BB267_1,reference,references/BB267_1.gbk
BB271_1,reference,references/BB271_1.gbk
BB272_1,reference,references/BB272_1.gbk
BB273_1,reference,references/BB273_1.gbk
BB274_1,reference,references/BB274_1.gbk
BB275_1,reference,references/BB275_1.gbk
BB276_1,reference,references/BB276_1.gbk
BB277_1,reference,references/BB277_1.gbk
BB278_1,reference,references/BB278_1.gbk
BB279_1,reference,references/BB279_1.gbk
BB280_1,reference,references/BB280_1.gbk
BB281_1,reference,references/BB281_1.gbk
BB282_1,reference,references/BB282_1.gbk
BB283_2,reference,references/BB283_2.gbk
BB286_2,reference,references/BB286_2.gbk
BB288_2,reference,references/BB288_2.gbk
BB289_2,reference,references/BB289_2.gbk
BB28_1,reference,references/BB28_1.gbk
BB290_1,reference,references/BB290_1.gbk
BB291_1,reference,references/BB291_1.gbk
BB293_1,reference,references/BB293_1.gbk
BB294_1,reference,references/BB294_1.gbk
BB295_1,reference,references/BB295_1.gbk
BB296_1,reference,references/BB296_1.gbk
BB297_1,reference,references/BB297_1.gbk
BB298_1,reference,references/BB298_1.gbk
BB299_1,reference,references/BB299_1.gbk
BB300_2,reference,references/BB300_2.gbk
BB301_1,reference,references/BB301_1.gbk
BB302_1,reference,references/BB302_1.gbk
BB303_1,reference,references/BB303_1.gbk
BB304_N,reference,references/BB304_N.gbk
BB305_1,reference,references/BB305_1.gbk
BB305_2,reference,references/BB305_2.gbk
BB305_4,reference,references/BB305_4.gbk
BB306_1,reference,references/BB306_1.gbk
BB306_2,reference,references/BB306_2.gbk
BB306_4,reference,references/BB306_4.gbk
BB307_1,reference,references/BB307_1.gbk
BB307_3,reference,references/BB307_3.gbk
BB307_4,reference,references/BB307_4.gbk
BB308_1,reference,references/BB308_1.gbk
BB308_2,reference,references/BB308_2.gbk
BB308_4,reference,references/BB308_4.gbk
BB309_1,reference,references/BB309_1.gbk
BB309_2,reference,references/BB309_2.gbk
BB309_4,reference,references/BB309_4.gbk
BB310_1,reference,references/BB310_1.gbk
BB310_4,reference,references/BB310_4.gbk
BB311_1,reference,references/BB311_1.gbk
BB311_4,reference,references/BB311_4.gbk
BB312_1,reference,references/BB312_1.gbk
BB312_4,reference,references/BB312_4.gbk
BB314_1,reference,references/BB314_1.gbk
BB315_1,reference,references/BB315_1.gbk
BB318_1,reference,references/BB318_1.gbk
BB320_1,reference,references/BB320_1.gbk
BB322_1,reference,references/BB322_1.gbk
BB323_N,reference,references/BB323_N.gbk
BB324_1,reference,references/BB324_1.gbk
BB325_1,reference,references/BB325_1.gbk
BB326_1,reference,references/BB326_1.gbk
BB327_1,reference,references/BB327_1.gbk
BB328_1,reference,references/BB328_1.gbk
BB329_1,reference,references/BB329_1.gbk
BB330_1,reference,references/BB330_1.gbk
BB331_1,reference,references/BB331_1.gbk
BB337_1,reference,references/BB337_1.gbk
BB338_1,reference,references/BB338_1.gbk
BB339_1,reference,references/BB339_1.gbk
BB340_1,reference,references/BB340_1.gbk
BB341_1,reference,references/BB341_1.gbk
BB342_1,reference,references/BB342_1.gbk
BB345_1,reference,references/BB345_1.gbk
BB346_1,reference,references/BB346_1.gbk
BB362_N,reference,references/BB362_N.gbk
BB373_1,reference,references/BB373_1.gbk
BB373_2,reference,references/BB373_2.gbk
BB373_3,reference,references/BB373_3.gbk
BB373_4,reference,references/BB373_4.gbk
BB376_1,reference,references/BB376_1.gbk
BB377_1,reference,references/BB377_1.gbk
BB378_1,reference,references/BB378_1.gbk
BB379_1,reference,references/BB379_1.gbk
BB382_1,reference,references/BB382_1.gbk
BB383_1,reference,references/BB383_1.gbk
BB386_1,reference,references/BB386_1.gbk
BB388_1,reference,references/BB388_1.gbk
BB389_1,reference,references/BB389_1.gbk
BB392_1,reference,references/BB392_1.gbk
BB396_1,reference,references/BB396_1.gbk
BB397_1,reference,references/BB397_1.gbk
BB398_1,reference,references/BB398_1.gbk
BB399_1,reference,references/BB399_1.gbk
BB3_1,reference,references/BB3_1.gbk
BB400_1,reference,references/BB400_1.gbk
BB401_1,reference,references/BB401_1.gbk
BB402_1,reference,references/BB402_1.gbk
BB403_1,reference,references/BB403_1.gbk
BB404_1,reference,references/BB404_1.gbk
BB405_1,reference,references/BB405_1.gbk
BB408_1,reference,references/BB408_1.gbk
BB408_N,reference,references/BB408_N.gbk
BB40_1,reference,references/BB40_1.gbk
BB411_1,reference,references/BB411_1.gbk
BB411_N,reference,references/BB411_N.gbk
BB418_1,reference,references/BB418_1.gbk
BB420_1,reference,references/BB420_1.gbk
BB421_1,reference,references/BB421_1.gbk
BB422_1,reference,references/BB422_1.gbk
BB423_1,reference,references/BB423_1.gbk
BB424_1,reference,references/BB424_1.gbk
BB425_1,reference,references/BB425_1.gbk
BB47_1,reference,references/BB47_1.gbk
BB521_1,reference,references/BB521_1.gbk
BB523_1,reference,references/BB523_1.gbk
BB524_1,reference,references/BB524_1.gbk
BB525_N,reference,references/BB525_N.gbk
BB526_1,reference,references/BB526_1.gbk
BB527_1,reference,references/BB527_1.gbk
BB528_1,reference,references/BB528_1.gbk
BB529_1,reference,references/BB529_1.gbk
BB530_1,reference,references/BB530_1.gbk
BB531_1,reference,references/BB531_1.gbk
BB532_1,reference,references/BB532_1.gbk
BB533_1,reference,references/BB533_1.gbk
BB534_1,reference,references/BB534_1.gbk
BB535_1,reference,references/BB535_1.gbk
BB536_1,reference,references/BB536_1.gbk
BB537_1,reference,references/BB537_1.gbk
BB538_1,reference,references/BB538_1.gbk
BB539_1,reference,references/BB539_1.gbk
BB540_1,reference,references/BB540_1.gbk
BB541_1,reference,references/BB541_1.gbk
BB542_1,reference,references/BB542_1.gbk
BB543_1,reference,references/BB543_1.gbk
BB54_1,reference,references/BB54_1.gbk
BB554_N,reference,references/BB554_N.gbk
BB55_1,reference,references/BB55_1.gbk
BB56_1,reference,references/BB56_1.gbk
BB57_1,reference,references/BB57_1.gbk
BB58_1,reference,references/BB58_1.gbk
BB59_1,reference,references/BB59_1.gbk
BB5_1,reference,references/BB5_1.gbk
BB60_1,reference,references/BB60_1.gbk
BB61_1,reference,references/BB61_1.gbk
BB62_1,reference,references/BB62_1.gbk
BB63_1,reference,references/BB63_1.gbk
BB64_1,reference,references/BB64_1.gbk
BB65_1,reference,references/BB65_1.gbk
BB66_1,reference,references/BB66_1.gbk
BB6_1,reference,references/BB6_1.gbk
BB72_1,reference,references/BB72_1.gbk
BB73_1,reference,references/BB73_1.gbk
BB75_1,reference,references/BB75_1.gbk
BB79_1,reference,references/BB79_1.gbk
BB7_1,reference,references/BB7_1.gbk
BB7_N,reference,references/BB7_N.gbk
BB81_1,reference,references/BB81_1.gbk
BB85_1,reference,references/BB85_1.gbk
BB86_1,reference,references/BB86_1.gbk
BB87_1,reference,references/BB87_1.gbk
BB89_1,reference,references/BB89_1.gbk
BB8_1,reference,references/BB8_1.gbk
JEB1204_1,reference,references/JEB1204_1.gbk
JEB1204_2,reference,references/JEB1204_2.gbk
JEB1205_1,reference,references/JEB1205_1.gbk
JEB1205_2,reference,references/JEB1205_2.gbk
JEB1205_3,reference,references/JEB1205_3.gbk
JEB1206_1,reference,references/JEB1206_1.gbk
JEB1206_2,reference,references/JEB1206_2.gbk
JEB1206_3,reference,references/JEB1206_3.gbk
JEB1207_1,reference,references/JEB1207_1.gbk
JEB1207_2,reference,references/JEB1207_2.gbk
JEB1207_3,reference,references/JEB1207_3.gbk
JEB1208_1,reference,references/JEB1208_1.gbk
JEB1208_2,reference,references/JEB1208_2.gbk
JEB1208_3,reference,references/JEB1208_3.gbk
JEB1209_1,reference,references/JEB1209_1.gbk
JEB1210_1,reference,references/JEB1210_1.gbk
JEB1211_1,reference,references/JEB1211_1.gbk
JEB1212_1,reference,references/JEB1212_1.gbk
JEB1213_1,reference,references/JEB1213_1.gbk
JEB1240,reference,references/JEB1240.gbk
JEB1241,reference,references/JEB1241.gbk
JEB1242,reference,references/JEB1242.gbk
JEB1243,reference,references/JEB1243.gbk
JEB1244,reference,references/JEB1244.gbk
BB3_1,illumina-R1,reads/BB3_S153_L001_R1_001.fastq.gz
BB3_1,illumina-R2,reads/BB3_S153_L001_R2_001.fastq.gz
BB5_1,illumina-R1,reads/BB5_S154_L001_R1_001.fastq.gz
BB5_1,illumina-R2,reads/BB5_S154_L001_R2_001.fastq.gz
BB6_1,illumina-R1,reads/BB6_S155_L001_R1_001.fastq.gz
BB6_1,illumina-R2,reads/BB6_S155_L001_R2_001.fastq.gz
BB7_1,illumina-R1,reads/BB7_S156_L001_R1_001.fastq.gz
BB7_1,illumina-R2,reads/BB7_S156_L001_R2_001.fastq.gz
BB7_N,nanopore,reads/Dwenger_n2d_1_7.fastq.gz
BB8_1,illumina-R1,reads/BB8_S157_L001_R1_001.fastq.gz
BB8_1,illumina-R2,reads/BB8_S157_L001_R2_001.fastq.gz
BB19_1,illumina-R1,reads/D4-2_S218_L001_R1_001.fastq.gz
BB19_1,illumina-R2,reads/D4-2_S218_L001_R2_001.fastq.gz
BB21_1,illumina-R1,reads/BB21_S158_L001_R1_001.fastq.gz
BB21_1,illumina-R2,reads/BB21_S158_L001_R2_001.fastq.gz
BB22_1,illumina-R1,reads/BB22_S159_L001_R1_001.fastq.gz
BB22_1,illumina-R2,reads/BB22_S159_L001_R2_001.fastq.gz
BB23_1,illumina-R1,reads/BB23_S160_L001_R1_001.fastq.gz
BB23_1,illumina-R2,reads/BB23_S160_L001_R2_001.fastq.gz
BB24_1,illumina-R1,reads/BB24_S161_L001_R1_001.fastq.gz
BB24_1,illumina-R2,reads/BB24_S161_L001_R2_001.fastq.gz
BB25_1,illumina-R1,reads/BB25_S162_L001_R1_001.fastq.gz
BB25_1,illumina-R2,reads/BB25_S162_L001_R2_001.fastq.gz
BB28_1,illumina-R1,reads/BB28_S165_L001_R1_001.fastq.gz
BB28_1,illumina-R2,reads/BB28_S165_L001_R2_001.fastq.gz
BB40_1,illumina-R1,reads/BB40_S176_L001_R1_001.fastq.gz
BB40_1,illumina-R2,reads/BB40_S176_L001_R2_001.fastq.gz
BB47_1,illumina-R1,reads/BB47_S182_L001_R1_001.fastq.gz
BB47_1,illumina-R2,reads/BB47_S182_L001_R2_001.fastq.gz
BB54_1,illumina-R1,reads/BB54_S188_L001_R1_001.fastq.gz
BB54_1,illumina-R2,reads/BB54_S188_L001_R2_001.fastq.gz
BB55_1,illumina-R1,reads/BB55_S189_L001_R1_001.fastq.gz
BB55_1,illumina-R2,reads/BB55_S189_L001_R2_001.fastq.gz
BB56_1,illumina-R1,reads/BB56_S190_L001_R1_001.fastq.gz
BB56_1,illumina-R2,reads/BB56_S190_L001_R2_001.fastq.gz
BB57_1,illumina-R1,reads/BB57_S191_L001_R1_001.fastq.gz
BB57_1,illumina-R2,reads/BB57_S191_L001_R2_001.fastq.gz
BB58_1,illumina-R1,reads/BB58_S192_L001_R1_001.fastq.gz
BB58_1,illumina-R2,reads/BB58_S192_L001_R2_001.fastq.gz
BB59_1,illumina-R1,reads/BB59_S193_L001_R1_001.fastq.gz
BB59_1,illumina-R2,reads/BB59_S193_L001_R2_001.fastq.gz
BB60_1,illumina-R1,reads/BB60_S194_L001_R1_001.fastq.gz
BB60_1,illumina-R2,reads/BB60_S194_L001_R2_001.fastq.gz
BB61_1,illumina-R1,reads/BB61_S195_L001_R1_001.fastq.gz
BB61_1,illumina-R2,reads/BB61_S195_L001_R2_001.fastq.gz
BB62_1,illumina-R1,reads/BB62_S196_L001_R1_001.fastq.gz
BB62_1,illumina-R2,reads/BB62_S196_L001_R2_001.fastq.gz
BB63_1,illumina-R1,reads/D4-3_S219_L001_R1_001.fastq.gz
BB63_1,illumina-R2,reads/D4-3_S219_L001_R2_001.fastq.gz
BB64_1,illumina-R1,reads/BB64_S197_L001_R1_001.fastq.gz
BB64_1,illumina-R2,reads/BB64_S197_L001_R2_001.fastq.gz
BB65_1,illumina-R1,reads/BB65_S198_L001_R1_001.fastq.gz
BB65_1,illumina-R2,reads/BB65_S198_L001_R2_001.fastq.gz
BB66_1,illumina-R1,reads/BB66_S199_L001_R1_001.fastq.gz
BB66_1,illumina-R2,reads/BB66_S199_L001_R2_001.fastq.gz
BB72_1,illumina-R1,reads/D3-5_S213_L001_R1_001.fastq.gz
BB72_1,illumina-R2,reads/D3-5_S213_L001_R2_001.fastq.gz
BB73_1,illumina-R1,reads/D3-6_S214_L001_R1_001.fastq.gz
BB73_1,illumina-R2,reads/D3-6_S214_L001_R2_001.fastq.gz
BB75_1,illumina-R1,reads/D3-7_S215_L001_R1_001.fastq.gz
BB75_1,illumina-R2,reads/D3-7_S215_L001_R2_001.fastq.gz
BB79_1,illumina-R1,reads/D1-2_S194_L001_R1_001.fastq.gz
BB79_1,illumina-R2,reads/D1-2_S194_L001_R2_001.fastq.gz
BB81_1,illumina-R1,reads/D3-8_S216_L001_R1_001.fastq.gz
BB81_1,illumina-R2,reads/D3-8_S216_L001_R2_001.fastq.gz
BB85_1,illumina-R1,reads/D4-5_S221_L001_R1_001.fastq.gz
BB85_1,illumina-R2,reads/D4-5_S221_L001_R2_001.fastq.gz
BB86_1,illumina-R1,reads/D4-6_S222_L001_R1_001.fastq.gz
BB86_1,illumina-R2,reads/D4-6_S222_L001_R2_001.fastq.gz
BB87_1,illumina-R1,reads/D4-7_S223_L001_R1_001.fastq.gz
BB87_1,illumina-R2,reads/D4-7_S223_L001_R2_001.fastq.gz
BB89_1,illumina-R1,reads/D4-8_S224_L001_R1_001.fastq.gz
BB89_1,illumina-R2,reads/D4-8_S224_L001_R2_001.fastq.gz
BB105_1,illumina-R1,reads/D1-3_S195_L001_R1_001.fastq.gz
BB105_1,illumina-R2,reads/D1-3_S195_L001_R2_001.fastq.gz
BB106_1,illumina-R1,reads/D1-4_S196_L001_R1_001.fastq.gz
BB106_1,illumina-R2,reads/D1-4_S196_L001_R2_001.fastq.gz
BB107_1,illumina-R1,reads/D1-5_S197_L001_R1_001.fastq.gz
BB107_1,illumina-R2,reads/D1-5_S197_L001_R2_001.fastq.gz
BB108_1,illumina-R1,reads/D1-6_S198_L001_R1_001.fastq.gz
BB108_1,illumina-R2,reads/D1-6_S198_L001_R2_001.fastq.gz
BB109_1,illumina-R1,reads/D1-7_S199_L001_R1_001.fastq.gz
BB109_1,illumina-R2,reads/D1-7_S199_L001_R2_001.fastq.gz
BB110_1,illumina-R1,reads/D1-8_S200_L001_R1_001.fastq.gz
BB110_1,illumina-R2,reads/D1-8_S200_L001_R2_001.fastq.gz
BB110_2,illumina-R1,reads/D3-7_S23_L001_R1_001.fastq.gz
BB110_2,illumina-R2,reads/D3-7_S23_L001_R2_001.fastq.gz
BB110_3,illumina-R1,reads/D3-7_S23_L001_R1_001.fastq.gz
BB110_3,illumina-R2,reads/D3-7_S23_L001_R2_001.fastq.gz
BB111_1,illumina-R1,reads/D3-8_S24_L001_R1_001.fastq.gz
BB111_1,illumina-R2,reads/D3-8_S24_L001_R2_001.fastq.gz
BB111_2,illumina-R1,reads/D3-8_S24_L001_R1_001.fastq.gz
BB111_2,illumina-R2,reads/D3-8_S24_L001_R2_001.fastq.gz
BB112_1,illumina-R1,reads/D2-2_S202_L001_R1_001.fastq.gz
BB112_1,illumina-R2,reads/D2-2_S202_L001_R2_001.fastq.gz
BB113_1,illumina-R1,reads/D2-3_S203_L001_R1_001.fastq.gz
BB113_1,illumina-R2,reads/D2-3_S203_L001_R2_001.fastq.gz
BB114_1,illumina-R1,reads/D2-4_S204_L001_R1_001.fastq.gz
BB114_1,illumina-R2,reads/D2-4_S204_L001_R2_001.fastq.gz
BB119_1,illumina-R1,reads/R6-3_S83_L001_R1_001.fastq.gz
BB119_1,illumina-R2,reads/R6-3_S83_L001_R2_001.fastq.gz
BB120_1,illumina-R1,reads/R6-4_S84_L001_R1_001.fastq.gz
BB120_1,illumina-R2,reads/R6-4_S84_L001_R2_001.fastq.gz
BB121_1,illumina-R1,reads/D3-4_S212_L001_R1_001.fastq.gz
BB121_1,illumina-R2,reads/D3-4_S212_L001_R2_001.fastq.gz
BB121_2,illumina-R1,reads/R6-5_S85_L001_R1_001.fastq.gz
BB121_2,illumina-R2,reads/R6-5_S85_L001_R2_001.fastq.gz
BB127_1,illumina-R1,reads/D2-5_S205_L001_R1_001.fastq.gz
BB127_1,illumina-R2,reads/D2-5_S205_L001_R2_001.fastq.gz
BB128_1,illumina-R1,reads/D2-6_S206_L001_R1_001.fastq.gz
BB128_1,illumina-R2,reads/D2-6_S206_L001_R2_001.fastq.gz
BB129_1,illumina-R1,reads/D2-7_S207_L001_R1_001.fastq.gz
BB129_1,illumina-R2,reads/D2-7_S207_L001_R2_001.fastq.gz
BB130_1,illumina-R1,reads/D2-8_S208_L001_R1_001.fastq.gz
BB130_1,illumina-R2,reads/D2-8_S208_L001_R2_001.fastq.gz
BB131_1,illumina-R1,reads/D3-1_S209_L001_R1_001.fastq.gz
BB131_1,illumina-R2,reads/D3-1_S209_L001_R2_001.fastq.gz
BB133_1,illumina-R1,reads/D3-3_S211_L001_R1_001.fastq.gz
BB133_1,illumina-R2,reads/D3-3_S211_L001_R2_001.fastq.gz
BB134_1,illumina-R1,reads/D5-6_S230_L001_R1_001.fastq.gz
BB134_1,illumina-R2,reads/D5-6_S230_L001_R2_001.fastq.gz
BB136_1,illumina-R1,reads/D5-7_S231_L001_R1_001.fastq.gz
BB136_1,illumina-R2,reads/D5-7_S231_L001_R2_001.fastq.gz
BB136_2,illumina-R1,reads/R4-3_S67_L001_R1_001.fastq.gz
BB136_2,illumina-R2,reads/R4-3_S67_L001_R2_001.fastq.gz
BB137_1,illumina-R1,reads/D5-8_S232_L001_R1_001.fastq.gz
BB137_1,illumina-R2,reads/D5-8_S232_L001_R2_001.fastq.gz
BB137_2,illumina-R1,reads/R4-4_S68_L001_R1_001.fastq.gz
BB137_2,illumina-R2,reads/R4-4_S68_L001_R2_001.fastq.gz
BB138_1,illumina-R1,reads/R4-5_S69_L001_R1_001.fastq.gz
BB138_1,illumina-R2,reads/R4-5_S69_L001_R2_001.fastq.gz
BB139_N,nanopore,reads/Dwenger_n2d_3_139.fastq.gz
BB144_1,illumina-R1,reads/S1-1_S233_L001_R1_001.fastq.gz
BB144_1,illumina-R2,reads/S1-1_S233_L001_R2_001.fastq.gz
BB144_2,illumina-R1,reads/R4-6_S70_L001_R1_001.fastq.gz
BB144_2,illumina-R2,reads/R4-6_S70_L001_R2_001.fastq.gz
BB145_1,illumina-R1,reads/S1-2_S234_L001_R1_001.fastq.gz
BB145_1,illumina-R2,reads/S1-2_S234_L001_R2_001.fastq.gz
BB145_2,illumina-R1,reads/R4-7_S71_L001_R1_001.fastq.gz
BB145_2,illumina-R2,reads/R4-7_S71_L001_R2_001.fastq.gz
BB146_1,illumina-R1,reads/S1-3_S235_L001_R1_001.fastq.gz
BB146_1,illumina-R2,reads/S1-3_S235_L001_R2_001.fastq.gz
BB146_2,illumina-R1,reads/R4-8_S72_L001_R1_001.fastq.gz
BB146_2,illumina-R2,reads/R4-8_S72_L001_R2_001.fastq.gz
BB147_1,illumina-R1,reads/S1-4_S236_L001_R1_001.fastq.gz
BB147_1,illumina-R2,reads/S1-4_S236_L001_R2_001.fastq.gz
BB147_2,illumina-R1,reads/R5-1_S73_L001_R1_001.fastq.gz
BB147_2,illumina-R2,reads/R5-1_S73_L001_R2_001.fastq.gz
BB147_3,illumina-R1,reads/R5-1_S73_L001_R1_001.fastq.gz
BB147_3,illumina-R2,reads/R5-1_S73_L001_R2_001.fastq.gz
BB148_1,illumina-R1,reads/S1-5_S237_L001_R1_001.fastq.gz
BB148_1,illumina-R2,reads/S1-5_S237_L001_R2_001.fastq.gz
BB148_2,illumina-R1,reads/R5-2_S74_L001_R1_001.fastq.gz
BB148_2,illumina-R2,reads/R5-2_S74_L001_R2_001.fastq.gz
BB149_1,illumina-R1,reads/S1-6_S238_L001_R1_001.fastq.gz
BB149_1,illumina-R2,reads/S1-6_S238_L001_R2_001.fastq.gz
BB149_2,illumina-R1,reads/R5-3_S75_L001_R1_001.fastq.gz
BB149_2,illumina-R2,reads/R5-3_S75_L001_R2_001.fastq.gz
BB150_1,illumina-R1,reads/S1-7_S239_L001_R1_001.fastq.gz
BB150_1,illumina-R2,reads/S1-7_S239_L001_R2_001.fastq.gz
BB150_2,illumina-R1,reads/R5-4_S76_L001_R1_001.fastq.gz
BB150_2,illumina-R2,reads/R5-4_S76_L001_R2_001.fastq.gz
BB151_1,illumina-R1,reads/S1-8_S240_L001_R1_001.fastq.gz
BB151_1,illumina-R2,reads/S1-8_S240_L001_R2_001.fastq.gz
BB151_2,illumina-R1,reads/R5-5_S77_L001_R1_001.fastq.gz
BB151_2,illumina-R2,reads/R5-5_S77_L001_R2_001.fastq.gz
BB152_1,illumina-R1,reads/S2-1_S269_L001_R1_001.fastq.gz
BB152_1,illumina-R2,reads/S2-1_S269_L001_R2_001.fastq.gz
BB152_2,illumina-R1,reads/R5-6_S78_L001_R1_001.fastq.gz
BB152_2,illumina-R2,reads/R5-6_S78_L001_R2_001.fastq.gz
BB153_1,illumina-R1,reads/S2-2_S270_L001_R1_001.fastq.gz
BB153_1,illumina-R2,reads/S2-2_S270_L001_R2_001.fastq.gz
BB153_2,illumina-R1,reads/R5-7_S79_L001_R1_001.fastq.gz
BB153_2,illumina-R2,reads/R5-7_S79_L001_R2_001.fastq.gz
BB154_1,illumina-R1,reads/S2-3_S271_L001_R1_001.fastq.gz
BB154_1,illumina-R2,reads/S2-3_S271_L001_R2_001.fastq.gz
BB154_2,illumina-R1,reads/R5-8_S80_L001_R1_001.fastq.gz
BB154_2,illumina-R2,reads/R5-8_S80_L001_R2_001.fastq.gz
BB155_1,illumina-R1,reads/S2-4_S272_L001_R1_001.fastq.gz
BB155_1,illumina-R2,reads/S2-4_S272_L001_R2_001.fastq.gz
BB155_2,illumina-R1,reads/R6-6_S86_L001_R1_001.fastq.gz
BB155_2,illumina-R2,reads/R6-6_S86_L001_R2_001.fastq.gz
BB156_N,nanopore,reads/Dwenger_n2d_4_156.fastq.gz
BB164_1,illumina-R1,reads/R6-7_S87_L001_R1_001.fastq.gz
BB164_1,illumina-R2,reads/R6-7_S87_L001_R2_001.fastq.gz
BB165_1,illumina-R1,reads/R6-8_S88_L001_R1_001.fastq.gz
BB165_1,illumina-R2,reads/R6-8_S88_L001_R2_001.fastq.gz
BB169_1,illumina-R1,reads/R7-1_S89_L001_R1_001.fastq.gz
BB169_1,illumina-R2,reads/R7-1_S89_L001_R2_001.fastq.gz
BB171_1,illumina-R1,reads/R7-2_S90_L001_R1_001.fastq.gz
BB171_1,illumina-R2,reads/R7-2_S90_L001_R2_001.fastq.gz
BB172_1,illumina-R1,reads/R7-3_S91_L001_R1_001.fastq.gz
BB172_1,illumina-R2,reads/R7-3_S91_L001_R2_001.fastq.gz
BB173_1,illumina-R1,reads/R7-4_S92_L001_R1_001.fastq.gz
BB173_1,illumina-R2,reads/R7-4_S92_L001_R2_001.fastq.gz
BB175_1,illumina-R1,reads/R7-5_S93_L001_R1_001.fastq.gz
BB175_1,illumina-R2,reads/R7-5_S93_L001_R2_001.fastq.gz
BB176_1,illumina-R1,reads/R7-6_S94_L001_R1_001.fastq.gz
BB176_1,illumina-R2,reads/R7-6_S94_L001_R2_001.fastq.gz
BB178_1,illumina-R1,reads/R7-7_S95_L001_R1_001.fastq.gz
BB178_1,illumina-R2,reads/R7-7_S95_L001_R2_001.fastq.gz
BB179_1,illumina-R1,reads/R7-8_S96_L001_R1_001.fastq.gz
BB179_1,illumina-R2,reads/R7-8_S96_L001_R2_001.fastq.gz
BB180_1,illumina-R1,reads/R8-1_S97_L001_R1_001.fastq.gz
BB180_1,illumina-R2,reads/R8-1_S97_L001_R2_001.fastq.gz
BB181_1,illumina-R1,reads/R8-2_S98_L001_R1_001.fastq.gz
BB181_1,illumina-R2,reads/R8-2_S98_L001_R2_001.fastq.gz
BB182_1,illumina-R1,reads/R8-3_S99_L001_R1_001.fastq.gz
BB182_1,illumina-R2,reads/R8-3_S99_L001_R2_001.fastq.gz
BB182_N,nanopore,reads/Dwenger_n2d_5_182.fastq.gz
BB186_1,illumina-R1,reads/R8-4_S100_L001_R1_001.fastq.gz
BB186_1,illumina-R2,reads/R8-4_S100_L001_R2_001.fastq.gz
BB186_N,nanopore,reads/Dwenger_n2d_6_186.fastq.gz
BB187_1,illumina-R1,reads/R8-5_S101_L001_R1_001.fastq.gz
BB187_1,illumina-R2,reads/R8-5_S101_L001_R2_001.fastq.gz
BB188_1,illumina-R1,reads/R8-6_S102_L001_R1_001.fastq.gz
BB188_1,illumina-R2,reads/R8-6_S102_L001_R2_001.fastq.gz
BB189_1,illumina-R1,reads/R8-7_S103_L001_R1_001.fastq.gz
BB189_1,illumina-R2,reads/R8-7_S103_L001_R2_001.fastq.gz
BB190_1,illumina-R1,reads/R8-8_S104_L001_R1_001.fastq.gz
BB190_1,illumina-R2,reads/R8-8_S104_L001_R2_001.fastq.gz
BB191_1,illumina-R1,reads/R9-1_S105_L001_R1_001.fastq.gz
BB191_1,illumina-R2,reads/R9-1_S105_L001_R2_001.fastq.gz
BB192_1,illumina-R1,reads/R9-2_S106_L001_R1_001.fastq.gz
BB192_1,illumina-R2,reads/R9-2_S106_L001_R2_001.fastq.gz
BB193_1,illumina-R1,reads/R9-3_S107_L001_R1_001.fastq.gz
BB193_1,illumina-R2,reads/R9-3_S107_L001_R2_001.fastq.gz
BB200_1,illumina-R1,reads/R10-2_S114_L001_R1_001.fastq.gz
BB200_1,illumina-R2,reads/R10-2_S114_L001_R2_001.fastq.gz
BB200_2,illumina-R1,reads/D6-6_S286_L001_R1_001.fastq.gz
BB200_2,illumina-R2,reads/D6-6_S286_L001_R2_001.fastq.gz
BB204_1,illumina-R1,reads/R10-6_S118_L001_R1_001.fastq.gz
BB204_1,illumina-R2,reads/R10-6_S118_L001_R2_001.fastq.gz
BB205_1,illumina-R1,reads/R10-7_S119_L001_R1_001.fastq.gz
BB205_1,illumina-R2,reads/R10-7_S119_L001_R2_001.fastq.gz
BB208_1,illumina-R1,reads/R11-1_S121_L001_R1_001.fastq.gz
BB208_1,illumina-R2,reads/R11-1_S121_L001_R2_001.fastq.gz
BB209_1,illumina-R1,reads/R11-2_S122_L001_R1_001.fastq.gz
BB209_1,illumina-R2,reads/R11-2_S122_L001_R2_001.fastq.gz
BB211_1,illumina-R1,reads/R11-3_S123_L001_R1_001.fastq.gz
BB211_1,illumina-R2,reads/R11-3_S123_L001_R2_001.fastq.gz
BB213_1,illumina-R1,reads/R11-4_S124_L001_R1_001.fastq.gz
BB213_1,illumina-R2,reads/R11-4_S124_L001_R2_001.fastq.gz
BB214_1,illumina-R1,reads/R11-5_S125_L001_R1_001.fastq.gz
BB214_1,illumina-R2,reads/R11-5_S125_L001_R2_001.fastq.gz
BB215_1,illumina-R1,reads/R11-6_S126_L001_R1_001.fastq.gz
BB215_1,illumina-R2,reads/R11-6_S126_L001_R2_001.fastq.gz
BB215_N,nanopore,reads/Dwenger_n2d_7_215.fastq.gz
BB218_1,illumina-R1,reads/R11-7_S127_L001_R1_001.fastq.gz
BB218_1,illumina-R2,reads/R11-7_S127_L001_R2_001.fastq.gz
BB220_1,illumina-R1,reads/R11-8_S128_L001_R1_001.fastq.gz
BB220_1,illumina-R2,reads/R11-8_S128_L001_R2_001.fastq.gz
BB238_1,illumina-R1,reads/D6-1_S281_L001_R1_001.fastq.gz
BB238_1,illumina-R2,reads/D6-1_S281_L001_R2_001.fastq.gz
BB239_1,illumina-R1,reads/D6-2_S282_L001_R1_001.fastq.gz
BB239_1,illumina-R2,reads/D6-2_S282_L001_R2_001.fastq.gz
BB240_1,illumina-R1,reads/D6-3_S283_L001_R1_001.fastq.gz
BB240_1,illumina-R2,reads/D6-3_S283_L001_R2_001.fastq.gz
BB252_1,illumina-R1,reads/D6-8_S288_L001_R1_001.fastq.gz
BB252_1,illumina-R2,reads/D6-8_S288_L001_R2_001.fastq.gz
BB255_1,illumina-R1,reads/D7-1_S353_L001_R1_001.fastq.gz
BB255_1,illumina-R2,reads/D7-1_S353_L001_R2_001.fastq.gz
BB258_1,illumina-R1,reads/D7-2_S354_L001_R1_001.fastq.gz
BB258_1,illumina-R2,reads/D7-2_S354_L001_R2_001.fastq.gz
BB258_N,nanopore,reads/Dwenger_n2d_8_258.fastq.gz
BB259_1,illumina-R1,reads/D7-3_S355_L001_R1_001.fastq.gz
BB259_1,illumina-R2,reads/D7-3_S355_L001_R2_001.fastq.gz
BB260_1,illumina-R1,reads/D7-4_S356_L001_R1_001.fastq.gz
BB260_1,illumina-R2,reads/D7-4_S356_L001_R2_001.fastq.gz
BB261_1,illumina-R1,reads/D7-5_S357_L001_R1_001.fastq.gz
BB261_1,illumina-R2,reads/D7-5_S357_L001_R2_001.fastq.gz
BB262_1,illumina-R1,reads/D7-6_S358_L001_R1_001.fastq.gz
BB262_1,illumina-R2,reads/D7-6_S358_L001_R2_001.fastq.gz
BB253_1,illumina-R1,reads/D7-7_S359_L001_R1_001.fastq.gz
BB253_1,illumina-R2,reads/D7-7_S359_L001_R2_001.fastq.gz
BB263_N,nanopore,reads/Dwenger_n2d_9_263.fastq.gz
BB264_1,illumina-R1,reads/D7-8_S360_L001_R1_001.fastq.gz
BB264_1,illumina-R2,reads/D7-8_S360_L001_R2_001.fastq.gz
BB265_1,illumina-R1,reads/D8-1_S361_L001_R1_001.fastq.gz
BB265_1,illumina-R2,reads/D8-1_S361_L001_R2_001.fastq.gz
BB267_1,illumina-R1,reads/D8-2_S362_L001_R1_001.fastq.gz
BB267_1,illumina-R2,reads/D8-2_S362_L001_R2_001.fastq.gz
BB271_1,illumina-R1,reads/D8-3_S363_L001_R1_001.fastq.gz
BB271_1,illumina-R2,reads/D8-3_S363_L001_R2_001.fastq.gz
BB272_1,illumina-R1,reads/D8-4_S364_L001_R1_001.fastq.gz
BB272_1,illumina-R2,reads/D8-4_S364_L001_R2_001.fastq.gz
BB273_1,illumina-R1,reads/D8-5_S365_L001_R1_001.fastq.gz
BB273_1,illumina-R2,reads/D8-5_S365_L001_R2_001.fastq.gz
BB274_1,illumina-R1,reads/D8-6_S366_L001_R1_001.fastq.gz
BB274_1,illumina-R2,reads/D8-6_S366_L001_R2_001.fastq.gz
BB275_1,illumina-R1,reads/D8-7_S367_L001_R1_001.fastq.gz
BB275_1,illumina-R2,reads/D8-7_S367_L001_R2_001.fastq.gz
BB276_1,illumina-R1,reads/D8-8_S368_L001_R1_001.fastq.gz
BB276_1,illumina-R2,reads/D8-8_S368_L001_R2_001.fastq.gz
BB277_1,illumina-R1,reads/D9-2_S370_L001_R1_001.fastq.gz
BB277_1,illumina-R2,reads/D9-2_S370_L001_R2_001.fastq.gz
BB278_1,illumina-R1,reads/D9-3_S371_L001_R1_001.fastq.gz
BB278_1,illumina-R2,reads/D9-3_S371_L001_R2_001.fastq.gz
BB279_1,illumina-R1,reads/D9-4_S372_L001_R1_001.fastq.gz
BB279_1,illumina-R2,reads/D9-4_S372_L001_R2_001.fastq.gz
BB280_1,illumina-R1,reads/D9-5_S373_L001_R1_001.fastq.gz
BB280_1,illumina-R2,reads/D9-5_S373_L001_R2_001.fastq.gz
BB281_1,illumina-R1,reads/D9-6_S374_L001_R1_001.fastq.gz
BB281_1,illumina-R2,reads/D9-6_S374_L001_R2_001.fastq.gz
BB282_1,illumina-R1,reads/D9-7_S375_L001_R1_001.fastq.gz
BB282_1,illumina-R2,reads/D9-7_S375_L001_R2_001.fastq.gz
BB283_2,illumina-R1,reads/D9-8_S376_L001_R1_001.fastq.gz
BB283_2,illumina-R2,reads/D9-8_S376_L001_R2_001.fastq.gz
BB286_2,illumina-R1,reads/D10-1_S89_L001_R1_001.fastq.gz
BB286_2,illumina-R2,reads/D10-1_S89_L001_R2_001.fastq.gz
BB288_2,illumina-R1,reads/D10-2_S90_L001_R1_001.fastq.gz
BB288_2,illumina-R2,reads/D10-2_S90_L001_R2_001.fastq.gz
BB289_2,illumina-R1,reads/D10-3_S91_L001_R1_001.fastq.gz
BB289_2,illumina-R2,reads/D10-3_S91_L001_R2_001.fastq.gz
BB290_1,illumina-R1,reads/D4-1_S25_L001_R1_001.fastq.gz
BB290_1,illumina-R2,reads/D4-1_S25_L001_R2_001.fastq.gz
BB291_1,illumina-R1,reads/D4-2_S26_L001_R1_001.fastq.gz
BB291_1,illumina-R2,reads/D4-2_S26_L001_R2_001.fastq.gz
BB293_1,illumina-R1,reads/D4-4_S28_L001_R1_001.fastq.gz
BB293_1,illumina-R2,reads/D4-4_S28_L001_R2_001.fastq.gz
BB294_1,illumina-R1,reads/D4-5_S29_L001_R1_001.fastq.gz
BB294_1,illumina-R2,reads/D4-5_S29_L001_R2_001.fastq.gz
BB295_1,illumina-R1,reads/D4-6_S30_L001_R1_001.fastq.gz
BB295_1,illumina-R2,reads/D4-6_S30_L001_R2_001.fastq.gz
BB296_1,illumina-R1,reads/D4-7_S31_L001_R1_001.fastq.gz
BB296_1,illumina-R2,reads/D4-7_S31_L001_R2_001.fastq.gz
BB297_1,illumina-R1,reads/D4-8_S32_L001_R1_001.fastq.gz
BB297_1,illumina-R2,reads/D4-8_S32_L001_R2_001.fastq.gz
BB298_1,illumina-R1,reads/D5-1_S33_L001_R1_001.fastq.gz
BB298_1,illumina-R2,reads/D5-1_S33_L001_R2_001.fastq.gz
BB299_1,illumina-R1,reads/D5-2_S34_L001_R1_001.fastq.gz
BB299_1,illumina-R2,reads/D5-2_S34_L001_R2_001.fastq.gz
BB300_2,illumina-R1,reads/D5-3_S35_L001_R1_001.fastq.gz
BB300_2,illumina-R2,reads/D5-3_S35_L001_R2_001.fastq.gz
BB301_1,illumina-R1,reads/D5-4_S36_L001_R1_001.fastq.gz
BB301_1,illumina-R2,reads/D5-4_S36_L001_R2_001.fastq.gz
BB302_1,illumina-R1,reads/D5-5_S37_L001_R1_001.fastq.gz
BB302_1,illumina-R2,reads/D5-5_S37_L001_R2_001.fastq.gz
BB303_1,illumina-R1,reads/D5-6_S38_L001_R1_001.fastq.gz
BB303_1,illumina-R2,reads/D5-6_S38_L001_R2_001.fastq.gz
BB304_N,nanopore,reads/Dwenger_n2d_10_304.fastq.gz
BB305_1,illumina-R1,reads/M2-1_S169_L001_R1_001.fastq.gz
BB305_1,illumina-R2,reads/M2-1_S169_L001_R2_001.fastq.gz
BB305_2,illumina-R1,reads/D10-4_S92_L001_R1_001.fastq.gz
BB305_2,illumina-R2,reads/D10-4_S92_L001_R2_001.fastq.gz
BB305_4,illumina-R1,reads/M1-1_S161_L001_R1_001.fastq.gz
BB305_4,illumina-R2,reads/M1-1_S161_L001_R2_001.fastq.gz
BB306_1,illumina-R1,reads/M2-2_S170_L001_R1_001.fastq.gz
BB306_1,illumina-R2,reads/M2-2_S170_L001_R2_001.fastq.gz
BB306_2,illumina-R1,reads/D10-5_S93_L001_R1_001.fastq.gz
BB306_2,illumina-R2,reads/D10-5_S93_L001_R2_001.fastq.gz
BB306_4,illumina-R1,reads/M1-2_S162_L001_R1_001.fastq.gz
BB306_4,illumina-R2,reads/M1-2_S162_L001_R2_001.fastq.gz
BB307_1,illumina-R1,reads/M2-3_S171_L001_R1_001.fastq.gz
BB307_1,illumina-R2,reads/M2-3_S171_L001_R2_001.fastq.gz
BB307_3,illumina-R1,reads/D10-6_S94_L001_R1_001.fastq.gz
BB307_3,illumina-R2,reads/D10-6_S94_L001_R2_001.fastq.gz
BB307_4,illumina-R1,reads/M1-3_S163_L001_R1_001.fastq.gz
BB307_4,illumina-R2,reads/M1-3_S163_L001_R2_001.fastq.gz
BB308_1,illumina-R1,reads/M2-4_S172_L001_R1_001.fastq.gz
BB308_1,illumina-R2,reads/M2-4_S172_L001_R2_001.fastq.gz
BB308_2,illumina-R1,reads/D10-7_S95_L001_R1_001.fastq.gz
BB308_2,illumina-R2,reads/D10-7_S95_L001_R2_001.fastq.gz
BB308_4,illumina-R1,reads/M1-4_S164_L001_R1_001.fastq.gz
BB308_4,illumina-R2,reads/M1-4_S164_L001_R2_001.fastq.gz
BB309_1,illumina-R1,reads/M2-5_S173_L001_R1_001.fastq.gz
BB309_1,illumina-R2,reads/M2-5_S173_L001_R2_001.fastq.gz
BB309_2,illumina-R1,reads/D10-8_S96_L001_R1_001.fastq.gz
BB309_2,illumina-R2,reads/D10-8_S96_L001_R2_001.fastq.gz
BB309_4,illumina-R1,reads/M1-5_S165_L001_R1_001.fastq.gz
BB309_4,illumina-R2,reads/M1-5_S165_L001_R2_001.fastq.gz
BB310_1,illumina-R1,reads/M2-6_S174_L001_R1_001.fastq.gz
BB310_1,illumina-R2,reads/M2-6_S174_L001_R2_001.fastq.gz
BB310_4,illumina-R1,reads/M1-6_S166_L001_R1_001.fastq.gz
BB310_4,illumina-R2,reads/M1-6_S166_L001_R2_001.fastq.gz
BB311_1,illumina-R1,reads/M2-7_S175_L001_R1_001.fastq.gz
BB311_1,illumina-R2,reads/M2-7_S175_L001_R2_001.fastq.gz
BB311_4,illumina-R1,reads/M1-7_S167_L001_R1_001.fastq.gz
BB311_4,illumina-R2,reads/M1-7_S167_L001_R2_001.fastq.gz
BB312_1,illumina-R1,reads/M2-8_S176_L001_R1_001.fastq.gz
BB312_1,illumina-R2,reads/M2-8_S176_L001_R2_001.fastq.gz
BB312_4,illumina-R1,reads/M1-8_S168_L001_R1_001.fastq.gz
BB312_4,illumina-R2,reads/M1-8_S168_L001_R2_001.fastq.gz
BB314_1,illumina-R1,reads/M3-1_S177_L001_R1_001.fastq.gz
BB314_1,illumina-R2,reads/M3-1_S177_L001_R2_001.fastq.gz
BB315_1,illumina-R1,reads/M3-2_S178_L001_R1_001.fastq.gz
BB315_1,illumina-R2,reads/M3-2_S178_L001_R2_001.fastq.gz
BB318_1,illumina-R1,reads/M3-3_S179_L001_R1_001.fastq.gz
BB318_1,illumina-R2,reads/M3-3_S179_L001_R2_001.fastq.gz
BB320_1,illumina-R1,reads/M3-4_S180_L001_R1_001.fastq.gz
BB320_1,illumina-R2,reads/M3-4_S180_L001_R2_001.fastq.gz
BB322_1,illumina-R1,reads/M3-5_S181_L001_R1_001.fastq.gz
BB322_1,illumina-R2,reads/M3-5_S181_L001_R2_001.fastq.gz
BB323_N,nanopore,reads/Dwenger_n2d_11_323.fastq.gz
BB324_1,illumina-R1,reads/M3-6_S182_L001_R1_001.fastq.gz
BB324_1,illumina-R2,reads/M3-6_S182_L001_R2_001.fastq.gz
BB325_1,illumina-R1,reads/R1-1_S41_L001_R1_001.fastq.gz
BB325_1,illumina-R2,reads/R1-1_S41_L001_R2_001.fastq.gz
BB326_1,illumina-R1,reads/R1-2_S42_L001_R1_001.fastq.gz
BB326_1,illumina-R2,reads/R1-2_S42_L001_R2_001.fastq.gz
BB327_1,illumina-R1,reads/R1-3_S43_L001_R1_001.fastq.gz
BB327_1,illumina-R2,reads/R1-3_S43_L001_R2_001.fastq.gz
BB328_1,illumina-R1,reads/R1-4_S44_L001_R1_001.fastq.gz
BB328_1,illumina-R2,reads/R1-4_S44_L001_R2_001.fastq.gz
BB329_1,illumina-R1,reads/R1-5_S45_L001_R1_001.fastq.gz
BB329_1,illumina-R2,reads/R1-5_S45_L001_R2_001.fastq.gz
BB330_1,illumina-R1,reads/A1-1_S129_L001_R1_001.fastq.gz
BB330_1,illumina-R2,reads/A1-1_S129_L001_R2_001.fastq.gz
BB331_1,illumina-R1,reads/A4-1_S153_L001_R1_001.fastq.gz
BB331_1,illumina-R2,reads/A4-1_S153_L001_R2_001.fastq.gz
BB337_1,illumina-R1,reads/A2-8_S144_L001_R1_001.fastq.gz
BB337_1,illumina-R2,reads/A2-8_S144_L001_R2_001.fastq.gz
BB338_1,illumina-R1,reads/A3-1_S145_L001_R1_001.fastq.gz
BB338_1,illumina-R2,reads/A3-1_S145_L001_R2_001.fastq.gz
BB339_1,illumina-R1,reads/A3-2_S146_L001_R1_001.fastq.gz
BB339_1,illumina-R2,reads/A3-2_S146_L001_R2_001.fastq.gz
BB340_1,illumina-R1,reads/A3-3_S147_L001_R1_001.fastq.gz
BB340_1,illumina-R2,reads/A3-3_S147_L001_R2_001.fastq.gz
BB341_1,illumina-R1,reads/A1-4_S132_L001_R1_001.fastq.gz
BB341_1,illumina-R2,reads/A1-4_S132_L001_R2_001.fastq.gz
BB342_1,illumina-R1,reads/A1-5_S133_L001_R1_001.fastq.gz
BB342_1,illumina-R2,reads/A1-5_S133_L001_R2_001.fastq.gz
BB345_1,illumina-R1,reads/A3-6_S150_L001_R1_001.fastq.gz
BB345_1,illumina-R2,reads/A3-6_S150_L001_R2_001.fastq.gz
BB346_1,illumina-R1,reads/A3-7_S151_L001_R1_001.fastq.gz
BB346_1,illumina-R2,reads/A3-7_S151_L001_R2_001.fastq.gz
BB362_N,nanopore,reads/Dwenger_n2d_12_362.fastq.gz
BB373_1,illumina-R1,reads/D5-7_S39_L001_R1_001.fastq.gz
BB373_1,illumina-R2,reads/D5-7_S39_L001_R2_001.fastq.gz
BB373_2,illumina-R1,reads/M3-7_S183_L001_R1_001.fastq.gz
BB373_2,illumina-R2,reads/M3-7_S183_L001_R2_001.fastq.gz
BB373_3,illumina-R1,reads/D5-7_S39_L001_R1_001.fastq.gz
BB373_3,illumina-R2,reads/D5-7_S39_L001_R2_001.fastq.gz
BB373_4,illumina-R1,reads/M3-7_S183_L001_R1_001.fastq.gz
BB373_4,illumina-R2,reads/M3-7_S183_L001_R2_001.fastq.gz
BB376_1,illumina-R1,reads/R1-6_S46_L001_R1_001.fastq.gz
BB376_1,illumina-R2,reads/R1-6_S46_L001_R2_001.fastq.gz
BB377_1,illumina-R1,reads/R1-7_S47_L001_R1_001.fastq.gz
BB377_1,illumina-R2,reads/R1-7_S47_L001_R2_001.fastq.gz
BB378_1,illumina-R1,reads/R1-8_S48_L001_R1_001.fastq.gz
BB378_1,illumina-R2,reads/R1-8_S48_L001_R2_001.fastq.gz
BB379_1,illumina-R1,reads/R2-1_S49_L001_R1_001.fastq.gz
BB379_1,illumina-R2,reads/R2-1_S49_L001_R2_001.fastq.gz
BB382_1,illumina-R1,reads/R2-2_S50_L001_R1_001.fastq.gz
BB382_1,illumina-R2,reads/R2-2_S50_L001_R2_001.fastq.gz
BB383_1,illumina-R1,reads/R2-3_S51_L001_R1_001.fastq.gz
BB383_1,illumina-R2,reads/R2-3_S51_L001_R2_001.fastq.gz
BB386_1,illumina-R1,reads/R2-4_S52_L001_R1_001.fastq.gz
BB386_1,illumina-R2,reads/R2-4_S52_L001_R2_001.fastq.gz
BB388_1,illumina-R1,reads/R2-5_S53_L001_R1_001.fastq.gz
BB388_1,illumina-R2,reads/R2-5_S53_L001_R2_001.fastq.gz
BB389_1,illumina-R1,reads/R2-6_S54_L001_R1_001.fastq.gz
BB389_1,illumina-R2,reads/R2-6_S54_L001_R2_001.fastq.gz
BB392_1,illumina-R1,reads/R2-7_S55_L001_R1_001.fastq.gz
BB392_1,illumina-R2,reads/R2-7_S55_L001_R2_001.fastq.gz
BB396_1,illumina-R1,reads/R3-1_S57_L001_R1_001.fastq.gz
BB396_1,illumina-R2,reads/R3-1_S57_L001_R2_001.fastq.gz
BB397_1,illumina-R1,reads/R3-2_S58_L001_R1_001.fastq.gz
BB397_1,illumina-R2,reads/R3-2_S58_L001_R2_001.fastq.gz
BB398_1,illumina-R1,reads/R3-3_S59_L001_R1_001.fastq.gz
BB398_1,illumina-R2,reads/R3-3_S59_L001_R2_001.fastq.gz
BB399_1,illumina-R1,reads/R3-4_S60_L001_R1_001.fastq.gz
BB399_1,illumina-R2,reads/R3-4_S60_L001_R2_001.fastq.gz
BB400_1,illumina-R1,reads/R3-5_S61_L001_R1_001.fastq.gz
BB400_1,illumina-R2,reads/R3-5_S61_L001_R2_001.fastq.gz
BB401_1,illumina-R1,reads/R3-6_S62_L001_R1_001.fastq.gz
BB401_1,illumina-R2,reads/R3-6_S62_L001_R2_001.fastq.gz
BB402_1,illumina-R1,reads/R3-7_S63_L001_R1_001.fastq.gz
BB402_1,illumina-R2,reads/R3-7_S63_L001_R2_001.fastq.gz
BB403_1,illumina-R1,reads/R3-8_S64_L001_R1_001.fastq.gz
BB403_1,illumina-R2,reads/R3-8_S64_L001_R2_001.fastq.gz
BB404_1,illumina-R1,reads/R4-1_S65_L001_R1_001.fastq.gz
BB404_1,illumina-R2,reads/R4-1_S65_L001_R2_001.fastq.gz
BB405_1,illumina-R1,reads/R4-2_S66_L001_R1_001.fastq.gz
BB405_1,illumina-R2,reads/R4-2_S66_L001_R2_001.fastq.gz
BB408_1,illumina-R1,reads/M4-1_S185_L001_R1_001.fastq.gz
BB408_1,illumina-R2,reads/M4-1_S185_L001_R2_001.fastq.gz
BB408_N,nanopore,reads/Dwenger_n2d_13_408.fastq.gz
BB411_1,illumina-R1,reads/M4-3_S187_L001_R1_001.fastq.gz
BB411_1,illumina-R2,reads/M4-3_S187_L001_R2_001.fastq.gz
BB411_N,nanopore,reads/Dwenger_n2d_15_411.fastq.gz
BB418_1,illumina-R1,reads/A4-4_S156_L001_R1_001.fastq.gz
BB418_1,illumina-R2,reads/A4-4_S156_L001_R2_001.fastq.gz
BB420_1,illumina-R1,reads/A1-6_S134_L001_R1_001.fastq.gz
BB420_1,illumina-R2,reads/A1-6_S134_L001_R2_001.fastq.gz
BB421_1,illumina-R1,reads/A1-7_S135_L001_R1_001.fastq.gz
BB421_1,illumina-R2,reads/A1-7_S135_L001_R2_001.fastq.gz
BB422_1,illumina-R1,reads/A1-8_S136_L001_R1_001.fastq.gz
BB422_1,illumina-R2,reads/A1-8_S136_L001_R2_001.fastq.gz
BB423_1,illumina-R1,reads/A4-5_S157_L001_R1_001.fastq.gz
BB423_1,illumina-R2,reads/A4-5_S157_L001_R2_001.fastq.gz
BB424_1,illumina-R1,reads/A2-1_S137_L001_R1_001.fastq.gz
BB424_1,illumina-R2,reads/A2-1_S137_L001_R2_001.fastq.gz
BB425_1,illumina-R1,reads/A2-2_S138_L001_R1_001.fastq.gz
BB425_1,illumina-R2,reads/A2-2_S138_L001_R2_001.fastq.gz
BB521_1,illumina-R1,reads/A2-5_S141_L001_R1_001.fastq.gz
BB521_1,illumina-R2,reads/A2-5_S141_L001_R2_001.fastq.gz
BB523_1,illumina-R1,reads/A2-6_S142_L001_R1_001.fastq.gz
BB523_1,illumina-R2,reads/A2-6_S142_L001_R2_001.fastq.gz
BB524_1,illumina-R1,reads/A4-8_S160_L001_R1_001.fastq.gz
BB524_1,illumina-R2,reads/A4-8_S160_L001_R2_001.fastq.gz
BB525_N,nanopore,reads/Dwenger_n2d_16_525.fastq.gz
BB526_1,illumina-R1,reads/D1-1_S1_L001_R1_001.fastq.gz
BB526_1,illumina-R2,reads/D1-1_S1_L001_R2_001.fastq.gz
BB527_1,illumina-R1,reads/D1-2_S2_L001_R1_001.fastq.gz
BB527_1,illumina-R2,reads/D1-2_S2_L001_R2_001.fastq.gz
BB528_1,illumina-R1,reads/D1-3_S3_L001_R1_001.fastq.gz
BB528_1,illumina-R2,reads/D1-3_S3_L001_R2_001.fastq.gz
BB529_1,illumina-R1,reads/D1-4_S4_L001_R1_001.fastq.gz
BB529_1,illumina-R2,reads/D1-4_S4_L001_R2_001.fastq.gz
BB530_1,illumina-R1,reads/D1-5_S5_L001_R1_001.fastq.gz
BB530_1,illumina-R2,reads/D1-5_S5_L001_R2_001.fastq.gz
BB531_1,illumina-R1,reads/D1-6_S6_L001_R1_001.fastq.gz
BB531_1,illumina-R2,reads/D1-6_S6_L001_R2_001.fastq.gz
BB532_1,illumina-R1,reads/D1-7_S7_L001_R1_001.fastq.gz
BB532_1,illumina-R2,reads/D1-7_S7_L001_R2_001.fastq.gz
BB533_1,illumina-R1,reads/D1-8_S8_L001_R1_001.fastq.gz
BB533_1,illumina-R2,reads/D1-8_S8_L001_R2_001.fastq.gz
BB534_1,illumina-R1,reads/D2-1_S9_L001_R1_001.fastq.gz
BB534_1,illumina-R2,reads/D2-1_S9_L001_R2_001.fastq.gz
BB535_1,illumina-R1,reads/D2-2_S10_L001_R1_001.fastq.gz
BB535_1,illumina-R2,reads/D2-2_S10_L001_R2_001.fastq.gz
BB536_1,illumina-R1,reads/D2-3_S11_L001_R1_001.fastq.gz
BB536_1,illumina-R2,reads/D2-3_S11_L001_R2_001.fastq.gz
BB537_1,illumina-R1,reads/D2-4_S12_L001_R1_001.fastq.gz
BB537_1,illumina-R2,reads/D2-4_S12_L001_R2_001.fastq.gz
BB538_1,illumina-R1,reads/D2-5_S13_L001_R1_001.fastq.gz
BB538_1,illumina-R2,reads/D2-5_S13_L001_R2_001.fastq.gz
BB539_1,illumina-R1,reads/D2-6_S14_L001_R1_001.fastq.gz
BB539_1,illumina-R2,reads/D2-6_S14_L001_R2_001.fastq.gz
BB540_1,illumina-R1,reads/D2-7_S15_L001_R1_001.fastq.gz
BB540_1,illumina-R2,reads/D2-7_S15_L001_R2_001.fastq.gz
BB541_1,illumina-R1,reads/D2-8_S16_L001_R1_001.fastq.gz
BB541_1,illumina-R2,reads/D2-8_S16_L001_R2_001.fastq.gz
BB542_1,illumina-R1,reads/D3-1_S17_L001_R1_001.fastq.gz
BB542_1,illumina-R2,reads/D3-1_S17_L001_R2_001.fastq.gz
BB543_1,illumina-R1,reads/D3-2_S18_L001_R1_001.fastq.gz
BB543_1,illumina-R2,reads/D3-2_S18_L001_R2_001.fastq.gz
BB554_N,nanopore,reads/Dwenger_n2d_17_554.fastq.gz
JEB1204_1,illumina-R1,reads/JEB1204-S1_S73_L001_R1_001.fastq.gz
JEB1204_1,illumina-R2,reads/JEB1204-S1_S73_L001_R2_001.fastq.gz
JEB1204_2,illumina-R1,reads/JEB1204-S2_S78_L001_R1_001.fastq.gz
JEB1204_2,illumina-R2,reads/JEB1204-S2_S78_L001_R2_001.fastq.gz
JEB1205_1,illumina-R1,reads/JEB1205-S1_S74_L001_R1_001.fastq.gz
JEB1205_1,illumina-R2,reads/JEB1205-S1_S74_L001_R2_001.fastq.gz
JEB1205_2,illumina-R1,reads/JEB1205-S2_S79_L001_R1_001.fastq.gz
JEB1205_2,illumina-R2,reads/JEB1205-S2_S79_L001_R2_001.fastq.gz
JEB1205_3,illumina-R1,reads/JEB1205-S3_S84_L001_R1_001.fastq.gz
JEB1205_3,illumina-R2,reads/JEB1205-S3_S84_L001_R2_001.fastq.gz
JEB1206_1,illumina-R1,reads/JEB1206-S1_S75_L001_R1_001.fastq.gz
JEB1206_1,illumina-R2,reads/JEB1206-S1_S75_L001_R2_001.fastq.gz
JEB1206_2,illumina-R1,reads/JEB1206-S2_S80_L001_R1_001.fastq.gz
JEB1206_2,illumina-R2,reads/JEB1206-S2_S80_L001_R2_001.fastq.gz
JEB1206_3,illumina-R1,reads/JEB1206-S3_S85_L001_R1_001.fastq.gz
JEB1206_3,illumina-R2,reads/JEB1206-S3_S85_L001_R2_001.fastq.gz
JEB1207_1,illumina-R1,reads/JEB1207-S1_S76_L001_R1_001.fastq.gz
JEB1207_1,illumina-R2,reads/JEB1207-S1_S76_L001_R2_001.fastq.gz
JEB1207_2,illumina-R1,reads/JEB1207-S2_S81_L001_R1_001.fastq.gz
JEB1207_2,illumina-R2,reads/JEB1207-S2_S81_L001_R2_001.fastq.gz
JEB1207_3,illumina-R1,reads/JEB1207-S3_S86_L001_R1_001.fastq.gz
JEB1207_3,illumina-R2,reads/JEB1207-S3_S86_L001_R2_001.fastq.gz
JEB1208_1,illumina-R1,reads/JEB1208-S1_S77_L001_R1_001.fastq.gz
JEB1208_1,illumina-R2,reads/JEB1208-S1_S77_L001_R2_001.fastq.gz
JEB1208_2,illumina-R1,reads/JEB1208-S2_S82_L001_R1_001.fastq.gz
JEB1208_2,illumina-R2,reads/JEB1208-S2_S82_L001_R2_001.fastq.gz
JEB1208_3,illumina-R1,reads/JEB1208-S3_S87_L001_R1_001.fastq.gz
JEB1208_3,illumina-R2,reads/JEB1208-S3_S87_L001_R2_001.fastq.gz
JEB1209_1,illumina-R1,reads/JEB1209_S88_L001_R1_001.fastq.gz
JEB1209_1,illumina-R2,reads/JEB1209_S88_L001_R2_001.fastq.gz
JEB1210_1,illumina-R1,reads/JEB1210_S129_L001_R1_001.fastq.gz
JEB1210_1,illumina-R2,reads/JEB1210_S129_L001_R2_001.fastq.gz
JEB1211_1,illumina-R1,reads/JEB1211_S130_L001_R1_001.fastq.gz
JEB1211_1,illumina-R2,reads/JEB1211_S130_L001_R2_001.fastq.gz
JEB1212_1,illumina-R1,reads/JEB1212_S131_L001_R1_001.fastq.gz
JEB1212_1,illumina-R2,reads/JEB1212_S131_L001_R2_001.fastq.gz
JEB1213_1,illumina-R1,reads/JEB1213_S132_L001_R1_001.fastq.gz
JEB1213_1,illumina-R2,reads/JEB1213_S132_L001_R2_001.fastq.gz
JEB1240,illumina-R1,reads/JEB1240_S139_L001_R1_001.fastq.gz
JEB1240,illumina-R2,reads/JEB1240_S139_L001_R2_001.fastq.gz
JEB1241,illumina-R1,reads/JEB1241_S140_L001_R1_001.fastq.gz
JEB1241,illumina-R2,reads/JEB1241_S140_L001_R2_001.fastq.gz
JEB1242,illumina-R1,reads/JEB1242_S141_L001_R1_001.fastq.gz
JEB1242,illumina-R2,reads/JEB1242_S141_L001_R2_001.fastq.gz
JEB1243,illumina-R1,reads/JEB1243_S142_L001_R1_001.fastq.gz
JEB1243,illumina-R2,reads/JEB1243_S142_L001_R2_001.fastq.gz
JEB1244,illumina-R1,reads/JEB1244_S143_L001_R1_001.fastq.gz
JEB1244,illumina-R2,reads/JEB1244_S143_L001_R2_001.fastq.gz